n_rep,total_n,beta3,p_temp_comp,p_temp_focal,p_focal_comp,p_3way,detected,deviance_explained
1,1456,0.2,9.427327967270749e-6,0.0034628508060337015,0,0.01477958145942282,TRUE,0.646960472824789
1,1456,0.2,7.595711961017049e-6,4.295837157313187e-4,0,0.101136372740947,FALSE,0.6755416495849855
1,1456,0.2,0.0024088261915203857,0.04717169458776288,0,0.6299605168986808,FALSE,0.6865048694031068
1,1456,0.2,9.497003331973564e-4,0.05775073613407866,0,0.0640121164040029,FALSE,0.6274830136784652
1,1456,0.2,0,0.2552913491120373,0,0.18862251943595215,FALSE,0.6326754143391641
1,1456,0.2,8.829014896751808e-4,2.894760001526109e-4,0,0.6178224849271182,FALSE,0.6332689439204786
1,1456,0.2,0,7.447043233840822e-4,0,7.41391533945257e-4,TRUE,0.649495778524632
1,1456,0.2,3.9710575382567725e-4,1.3031107105809792e-4,0,0.19272083202056117,FALSE,0.6917073649086588
1,1456,0.2,3.088752233092462e-4,0.015444409645807733,0,0.2665160933683416,FALSE,0.6886348386269754
1,1456,0.2,0,0.002042886031027147,0,0.07911042359950632,FALSE,0.6850311607897219
1,1456,0.2,3.7029532421550826e-4,6.279404261099186e-4,0,0.20141576101734715,FALSE,0.6749780306413092
1,1456,0.2,0,8.138554318520841e-5,0,3.925115303404225e-4,TRUE,0.7073166563155867
1,1456,0.2,8.349924876299708e-5,0.002147743127060564,0,0.6631865819290255,FALSE,0.6382345120698556
1,1456,0.2,2.090724816883327e-6,3.0477329175787604e-4,0,0.02192750036827623,TRUE,0.690046444508378
1,1456,0.2,5.116070489558089e-5,0.01845276158411835,0,0.01837752303001905,TRUE,0.6796616737494218
1,1456,0.2,2.954309289537882e-6,0.013958423876443471,0,0.03343477242868714,TRUE,0.656101691428367
1,1456,0.2,0.0083370072005306,0.0028302627090038834,0,0.7744623985022522,FALSE,0.6489233631135628
1,1456,0.2,0.009990916824767437,8.2162767132965e-4,0,0.16120236431431878,FALSE,0.6651824992865271
1,1456,0.2,2.0933842889342413e-4,0.0023279604932608944,0,0.013254480870272534,TRUE,0.6598263599996217
1,1456,0.2,5.667921791033259e-4,5.481714153172668e-4,0,0.06410317117642012,FALSE,0.6738920092797305
2,2912,0.2,1.0610596079135837e-4,0.0018728449421994142,0,0.10926355204314642,FALSE,0.6460499744497933
2,2912,0.2,0,3.2401026139960987e-4,0,0.12130565804573301,FALSE,0.643403189944774
2,2912,0.2,0,0,0,0.10493993500641624,FALSE,0.6633359325820789
2,2912,0.2,0,1.9321359617796574e-6,0,0.013877416680798449,TRUE,0.6870108332283832
2,2912,0.2,0,2.4854624419479165e-5,0,0.19274248637648667,FALSE,0.6671898720573157
2,2912,0.2,0,0.0025374655763559795,0,0.7879500414961499,FALSE,0.6686761530059513
2,2912,0.2,0,5.097264302533766e-6,0,0.5503114416545358,FALSE,0.6576209151280361
2,2912,0.2,0,1.476701354086174e-6,0,0.0025940820827967115,TRUE,0.6739191169398612
2,2912,0.2,0,2.5602715542805132e-5,0,0.08437340103447966,FALSE,0.6750597506672523
2,2912,0.2,0,1.4936772026463707e-6,0,0.02043204464639331,TRUE,0.6780839768970336
2,2912,0.2,0,0.006498516022603429,0,0.21790201590353053,FALSE,0.668470107251729
2,2912,0.2,0,0.001824103165271651,0,0.1439711299393483,FALSE,0.6566698777256602
2,2912,0.2,0,1.2713412827491943e-6,0,0.03022996921372656,TRUE,0.6639113996677981
2,2912,0.2,0,4.7343387812315285e-5,0,0.07246005084682688,FALSE,0.6692088906988587
2,2912,0.2,0,0,0,1.2412499121422504e-4,TRUE,0.661355042421014
2,2912,0.2,0,0,0,0.02446972480411652,TRUE,0.6595897830440952
2,2912,0.2,0,3.5910052091214784e-4,0,0.4274018585007547,FALSE,0.6816366990006212
2,2912,0.2,0,2.6966704941289166e-7,0,0.04780284530636747,TRUE,0.6737960475665111
2,2912,0.2,2.179392240175826e-6,1.2934651247242801e-5,0,0.1777920677653903,FALSE,0.6561257158936169
2,2912,0.2,0,2.1569709467333942e-4,0,0.005759331912424448,TRUE,0.6519683104735903
4,5824,0.2,0,0,0,0.21853774865414205,FALSE,0.6645079584434324
4,5824,0.2,0,0,0,9.433541549946911e-5,TRUE,0.6745296725085173
4,5824,0.2,0,0,0,0.0054479809177322425,TRUE,0.641507532149419
4,5824,0.2,0,1.4974158746072774e-5,0,4.3552474646990635e-5,TRUE,0.6650355056137245
4,5824,0.2,0,0,0,6.885290746272421e-5,TRUE,0.6648842977190088
4,5824,0.2,0,1.0722414244268563e-6,0,0.20619041177094055,FALSE,0.6885825053540361
4,5824,0.2,0,0,0,0.0035981627042415143,TRUE,0.6440252143756446
4,5824,0.2,0,9.12324263913078e-8,0,0.16463776103596262,FALSE,0.6614147100506971
4,5824,0.2,0,0,0,0.008118691323193261,TRUE,0.6611818396029205
4,5824,0.2,0,0,0,0.13422050584361933,FALSE,0.665465426044058
4,5824,0.2,0,0,0,1.4135010290089456e-4,TRUE,0.6657788335322475
4,5824,0.2,0,0,0,0.04103211594261841,TRUE,0.6667341497622056
4,5824,0.2,0,0,0,0.01982078673769322,TRUE,0.6637040062286264
4,5824,0.2,0,0,0,0.16355226804529005,FALSE,0.6724430724181962
4,5824,0.2,0,0,0,0.017977871115983923,TRUE,0.6547674054662864
4,5824,0.2,0,0,0,1.205230635748511e-4,TRUE,0.666888829419523
4,5824,0.2,0,0,0,1.2141648316155162e-4,TRUE,0.6601805784334857
4,5824,0.2,0,9.78455600098016e-7,0,0.0010137657016469626,TRUE,0.6600374299227219
4,5824,0.2,0,0,0,1.3864440120692212e-4,TRUE,0.6412416400672111
4,5824,0.2,0,0,0,1.5582010369996624e-5,TRUE,0.6629077844321918
8,11648,0.2,0,0,0,1.8953073914473872e-5,TRUE,0.6643279791208561
8,11648,0.2,0,0,0,2.3511878199033998e-4,TRUE,0.658981189668283
8,11648,0.2,0,0,0,2.6493229574442445e-4,TRUE,0.6779930670544262
8,11648,0.2,0,0,0,4.957261347497965e-4,TRUE,0.6652404347661178
8,11648,0.2,0,0,0,0.0024736452165556866,TRUE,0.6594315524825652
8,11648,0.2,0,0,0,-3.087263098722204e-6,TRUE,0.6606278079605497
8,11648,0.2,0,0,0,0.0057409964744943864,TRUE,0.6560941008936708
8,11648,0.2,0,0,0,3.968750880586902e-4,TRUE,0.6693626667985542
8,11648,0.2,0,0,0,8.24147310293788e-5,TRUE,0.6628278723841967
8,11648,0.2,0,0,0,2.9570169288728465e-6,TRUE,0.6637839225103764
8,11648,0.2,0,0,0,6.123619818931836e-5,TRUE,0.6606865470905263
8,11648,0.2,0,0,0,7.316981996767224e-4,TRUE,0.6622384020157768
8,11648,0.2,0,0,0,1.1324133212808896e-5,TRUE,0.6558783265795279
8,11648,0.2,0,0,0,1.5925602585170617e-4,TRUE,0.6526571670484776
8,11648,0.2,0,0,0,0.06145402683810347,FALSE,0.6609893807290926
8,11648,0.2,0,0,0,0.016208538732355615,TRUE,0.6797165686514623
8,11648,0.2,0,0,0,1.3072978243194866e-4,TRUE,0.6607004641377945
8,11648,0.2,0,0,0,4.897725657815322e-6,TRUE,0.6618716059812377
8,11648,0.2,0,0,0,0.009556747159533363,TRUE,0.6595860076385094
8,11648,0.2,0,0,0,0,TRUE,0.6634190639062839
